{
    "btag": {
        "0.30": {
            "lik_ratio": 1.0654816268688785,
            "q_value": 14.282088305879887
        },
        "0.20": {
            "lik_ratio": 1.0375110078326093,
            "q_value": 14.174409783197618
        },
        "0.60": {
            "lik_ratio": 1.1088398865229265,
            "q_value": 14.443601107430858
        },
        "0.40": {
            "lik_ratio": 1.0842982249886597,
            "q_value": 14.375082596557071
        },
        "0.50": {
            "lik_ratio": 1.0979064880006644,
            "q_value": 14.424890463750891
        },
        "0.10": {
            "lik_ratio": 1.0090697821013481,
            "q_value": 14.058000360601863
        }
    },
    "LHCrad": {
        "0.10": {
            "lik_ratio": 1.007391006854209,
            "q_value": 14.191905881970424
        },
        "0.20": {
            "lik_ratio": 1.0181608064164411,
            "q_value": 14.601681222269788
        },
        "0.50": {
            "lik_ratio": 1.0505936975155101,
            "q_value": 15.44865006138606
        },
        "0.30": {
            "lik_ratio": 1.0358538611796106,
            "q_value": 14.974770045775836
        },
        "0.40": {
            "lik_ratio": 1.0434480729327842,
            "q_value": 15.266362502716719
        },
        "0.60": {
            "lik_ratio": 1.0573751244990737,
            "q_value": 15.57640942057472
        }
    },
    "LHCbJES": {
        "0.30": {
            "lik_ratio": 1.1344237148836291,
            "q_value": 14.151252027748109
        },
        "0.20": {
            "lik_ratio": 1.0581685465871795,
            "q_value": 14.069979012984849
        },
        "0.50": {
            "lik_ratio": 1.350722760190234,
            "q_value": 14.304138986920409
        },
        "0.60": {
            "lik_ratio": 1.4790133418545888,
            "q_value": 14.369703234482053
        },
        "0.10": {
            "lik_ratio": 1.0136050850710974,
            "q_value": 14.016582278762847
        },
        "0.40": {
            "lik_ratio": 1.2344844900666385,
            "q_value": 14.225215526916735
        }
    },
    "method": {
        "0.40": {
            "lik_ratio": 1.0574025559008433,
            "q_value": 14.770634806437501
        },
        "0.10": {
            "lik_ratio": 1.010093230065463,
            "q_value": 14.179799575147108
        },
        "0.30": {
            "lik_ratio": 1.049510459619105,
            "q_value": 14.657135721840666
        },
        "0.60": {
            "lik_ratio": 1.0733546339691262,
            "q_value": 14.884417326707279
        },
        "0.50": {
            "lik_ratio": 1.0670031141763074,
            "q_value": 14.838480716489162
        },
        "0.20": {
            "lik_ratio": 1.0334527488188094,
            "q_value": 14.456669409520874
        }
    },
    "LHCJES1": {
        "0.50": {
            "lik_ratio": 1.0784325733866986,
            "q_value": 15.242924548491075
        },
        "0.30": {
            "lik_ratio": 1.0480840610957542,
            "q_value": 14.848572676382249
        },
        "0.10": {
            "lik_ratio": 1.0081931754127857,
            "q_value": 14.160334469505733
        },
        "0.20": {
            "lik_ratio": 1.0279734460750034,
            "q_value": 14.510660238088022
        },
        "0.60": {
            "lik_ratio": 1.0838158979340506,
            "q_value": 15.346164609119201
        },
        "0.40": {
            "lik_ratio": 1.0653093324273906,
            "q_value": 15.072251320714956
        }
    },
    "ME": {
        "0.50": {
            "lik_ratio": 1.0321610159931658,
            "q_value": 14.212383882982595
        },
        "0.10": {
            "lik_ratio": 1.0041975064496873,
            "q_value": 14.009582946336964
        },
        "0.20": {
            "lik_ratio": 1.0095857131700254,
            "q_value": 14.060415620390208
        },
        "0.40": {
            "lik_ratio": 1.0267104328820815,
            "q_value": 14.164691081823038
        },
        "0.60": {
            "lik_ratio": 1.0409755162396117,
            "q_value": 14.258821419769776
        },
        "0.30": {
            "lik_ratio": 1.0157535165454126,
            "q_value": 14.107801658165135
        }
    },
    "LHCJES2": {
        "0.40": {
            "lik_ratio": 1.041865335770624,
            "q_value": 14.641983357249083
        },
        "0.30": {
            "lik_ratio": 1.031956054398163,
            "q_value": 14.473979994571618
        },
        "0.50": {
            "lik_ratio": 1.0527888699580887,
            "q_value": 14.766610670769722
        },
        "0.60": {
            "lik_ratio": 1.0579126300636306,
            "q_value": 14.851491236481824
        },
        "0.20": {
            "lik_ratio": 1.0193861048036632,
            "q_value": 14.27131775613377
        },
        "0.10": {
            "lik_ratio": 1.0058628231155724,
            "q_value": 14.08854235602145
        }
    },
    "CMSbHad": {
        "0.20": {
            "lik_ratio": 1.0033798982788715,
            "q_value": 14.016502661207081
        },
        "0.40": {
            "lik_ratio": 1.011889575814334,
            "q_value": 14.049211293074515
        },
        "0.60": {
            "lik_ratio": 1.0199828771087265,
            "q_value": 14.082529078051493
        },
        "0.10": {
            "lik_ratio": 1.0015295397546198,
            "q_value": 14.00575191051472
        },
        "0.30": {
            "lik_ratio": 1.006250919483696,
            "q_value": 14.035003269366662
        },
        "0.50": {
            "lik_ratio": 1.0162758087207227,
            "q_value": 14.057944975031713
        }
    }
}