{
    "CMSbHad": {
        "0.10": {
            "lik_ratio": 1.000643825209031,
            "q_value": 15.009205468868451
        },
        "0.20": {
            "lik_ratio": 0.9995287360436517,
            "q_value": 15.0273134542296
        },
        "0.30": {
            "lik_ratio": 1.0068416233336257,
            "q_value": 15.053594457692645
        },
        "0.50": {
            "lik_ratio": 1.0260411007190873,
            "q_value": 15.349447655065239
        },
        "0.60": {
            "lik_ratio": 1.035815979837854,
            "q_value": 15.636096916427988
        },
        "0.40": {
            "lik_ratio": 1.0094281074368774,
            "q_value": 15.07827682732528
        }
    },
    "LHCJES2": {
        "0.50": {
            "lik_ratio": 1.026260123800269,
            "q_value": 15.810902363009122
        },
        "0.10": {
            "lik_ratio": 1.0020568590661272,
            "q_value": 15.088505988333909
        },
        "0.20": {
            "lik_ratio": 1.007880713070973,
            "q_value": 15.2820608890707
        },
        "0.40": {
            "lik_ratio": 1.0252616735063502,
            "q_value": 15.693633614921039
        },
        "0.60": {
            "lik_ratio": 1.0298298291895973,
            "q_value": 15.909181316119517
        },
        "0.30": {
            "lik_ratio": 1.0157550978919947,
            "q_value": 15.511803729143162
        }
    },
    "new": {
        "0.10": {
            "lik_ratio": 1.0112597740547118,
            "q_value": 15.003309922729795
        },
        "0.50": {
            "lik_ratio": 1.1328302314294005,
            "q_value": 15.641654656861837
        },
        "0.60": {
            "lik_ratio": 1.1867770115175635,
            "q_value": 15.979178033786708
        },
        "0.20": {
            "lik_ratio": 1.0394022801583365,
            "q_value": 15.047605120065246
        },
        "0.30": {
            "lik_ratio": 1.0769015359812413,
            "q_value": 15.157133199043212
        },
        "0.40": {
            "lik_ratio": 1.1006223047159638,
            "q_value": 15.375646515234864
        }
    },
    "LHCrad": {
        "0.20": {
            "lik_ratio": 1.0103910377226124,
            "q_value": 15.626454131549266
        },
        "0.60": {
            "lik_ratio": 1.0344912514623434,
            "q_value": 16.577656253485163
        },
        "0.30": {
            "lik_ratio": 1.0194567311342857,
            "q_value": 16.018025791320458
        },
        "0.40": {
            "lik_ratio": 1.0254485155189634,
            "q_value": 16.314723960203576
        },
        "0.10": {
            "lik_ratio": 1.0012805075425528,
            "q_value": 15.21248581701731
        },
        "0.50": {
            "lik_ratio": 1.0210696363174014,
            "q_value": 16.497529796182793
        }
    },
    "method": {
        "0.40": {
            "lik_ratio": 1.0283989257200579,
            "q_value": 15.794058627336023
        },
        "0.30": {
            "lik_ratio": 1.0198125900251587,
            "q_value": 15.68387879974519
        },
        "0.10": {
            "lik_ratio": 1.0070201668486631,
            "q_value": 15.1916533388745
        },
        "0.60": {
            "lik_ratio": 1.0333408666815571,
            "q_value": 15.901112141447308
        },
        "0.50": {
            "lik_ratio": 1.0334226899122607,
            "q_value": 15.868860923594754
        },
        "0.20": {
            "lik_ratio": 1.015688315210933,
            "q_value": 15.48409934481942
        }
    },
    "ME": {
        "0.40": {
            "lik_ratio": 1.0137745819515611,
            "q_value": 15.191518821920273
        },
        "0.20": {
            "lik_ratio": 1.0046101963058607,
            "q_value": 15.051160602072564
        },
        "0.10": {
            "lik_ratio": 0.9999841075543253,
            "q_value": 15.015930909965066
        },
        "0.60": {
            "lik_ratio": 1.0242350959833693,
            "q_value": 15.31084277968472
        },
        "0.50": {
            "lik_ratio": 1.01847651709255,
            "q_value": 15.260597447754954
        },
        "0.30": {
            "lik_ratio": 1.0071377404094501,
            "q_value": 15.129054524337999
        }
    },
    "LHCbJES": {
        "0.40": {
            "lik_ratio": 1.1299642362181173,
            "q_value": 15.398920156140438
        },
        "0.60": {
            "lik_ratio": 1.308600025443739,
            "q_value": 15.81347423186775
        },
        "0.30": {
            "lik_ratio": 1.0746779414100414,
            "q_value": 15.233525880151232
        },
        "0.50": {
            "lik_ratio": 1.2116995748929111,
            "q_value": 15.597773513690973
        },
        "0.20": {
            "lik_ratio": 1.0293404528414183,
            "q_value": 15.096477688173234
        },
        "0.10": {
            "lik_ratio": 1.005363240897206,
            "q_value": 15.032449198064134
        }
    },
    "LHCJES1": {
        "0.10": {
            "lik_ratio": 1.00457719882234,
            "q_value": 15.175563964663903
        },
        "0.50": {
            "lik_ratio": 1.0388622904497902,
            "q_value": 16.303312096775223
        },
        "0.20": {
            "lik_ratio": 1.0120557759068978,
            "q_value": 15.5292738510487
        },
        "0.60": {
            "lik_ratio": 1.0444233474535352,
            "q_value": 16.419706067176055
        },
        "0.40": {
            "lik_ratio": 1.0323127190959211,
            "q_value": 16.13434192258033
        },
        "0.30": {
            "lik_ratio": 1.0257687161987337,
            "q_value": 15.875106753049604
        }
    },
    "btag": {
        "0.30": {
            "lik_ratio": 1.0304406211699386,
            "q_value": 15.33783121821833
        },
        "0.60": {
            "lik_ratio": 1.0581660012922944,
            "q_value": 15.536146555255554
        },
        "0.10": {
            "lik_ratio": 1.0068837251882559,
            "q_value": 15.060327201008018
        },
        "0.20": {
            "lik_ratio": 1.017399324561258,
            "q_value": 15.197143277855103
        },
        "0.40": {
            "lik_ratio": 1.0441015945992538,
            "q_value": 15.433683899531742
        },
        "0.50": {
            "lik_ratio": 1.0516447537779785,
            "q_value": 15.509387816311834
        }
    }
}