{
    "LHCbJES": {
        "0.60": {
            "lik_ratio": 1.3947031810214185,
            "q_value": 15.43932202829665
        },
        "0.20": {
            "lik_ratio": 1.045855692722279,
            "q_value": 15.097712366292154
        },
        "0.10": {
            "lik_ratio": 1.011052058492622,
            "q_value": 15.027813317058571
        },
        "0.50": {
            "lik_ratio": 1.2890910754100187,
            "q_value": 15.355554512029224
        },
        "0.30": {
            "lik_ratio": 1.1090336370138572,
            "q_value": 15.16716685156557
        },
        "0.40": {
            "lik_ratio": 1.19733889429573,
            "q_value": 15.265698951717377
        }
    },
    "new": {
        "0.60": {
            "lik_ratio": 1.135387702993044,
            "q_value": 15.799846883197983
        },
        "0.40": {
            "lik_ratio": 1.0660840847631325,
            "q_value": 15.296596638488893
        },
        "0.50": {
            "lik_ratio": 1.095344769212057,
            "q_value": 15.526718965918667
        },
        "0.10": {
            "lik_ratio": 1.0016076907586995,
            "q_value": 15.011224071501065
        },
        "0.20": {
            "lik_ratio": 1.0170382156641962,
            "q_value": 15.05196792267466
        },
        "0.30": {
            "lik_ratio": 1.0396647464839694,
            "q_value": 15.149136236241784
        }
    },
    "method": {
        "0.10": {
            "lik_ratio": 1.0112869254330947,
            "q_value": 15.187054116866907
        },
        "0.30": {
            "lik_ratio": 1.0394308527625442,
            "q_value": 15.663675059687796
        },
        "0.40": {
            "lik_ratio": 1.0474250487614962,
            "q_value": 15.781702069478145
        },
        "0.20": {
            "lik_ratio": 1.0254422525683784,
            "q_value": 15.461463406610926
        },
        "0.50": {
            "lik_ratio": 1.0524774727691628,
            "q_value": 15.86835101275607
        },
        "0.60": {
            "lik_ratio": 1.0560775487841683,
            "q_value": 15.896162541365388
        }
    },
    "CMSbHad": {
        "0.60": {
            "lik_ratio": 1.0195929665251175,
            "q_value": 15.112421493128398
        },
        "0.40": {
            "lik_ratio": 1.0119541223878676,
            "q_value": 15.048525970711717
        },
        "0.50": {
            "lik_ratio": 1.0183979269106604,
            "q_value": 15.077938500096186
        },
        "0.30": {
            "lik_ratio": 1.0072754560137198,
            "q_value": 15.027853770469292
        },
        "0.10": {
            "lik_ratio": 1.0006647600580676,
            "q_value": 15.001870695878637
        },
        "0.20": {
            "lik_ratio": 1.0051675047405881,
            "q_value": 15.017848997132733
        }
    },
    "ME": {
        "0.60": {
            "lik_ratio": 1.0332522424057975,
            "q_value": 15.2765508214227
        },
        "0.40": {
            "lik_ratio": 1.017804276940311,
            "q_value": 15.174378057777375
        },
        "0.10": {
            "lik_ratio": 0.9998365927939841,
            "q_value": 15.012525608555965
        },
        "0.50": {
            "lik_ratio": 1.0275466668673539,
            "q_value": 15.22252649417915
        },
        "0.30": {
            "lik_ratio": 1.0163988949455023,
            "q_value": 15.1230119383402
        },
        "0.20": {
            "lik_ratio": 1.0081049108089182,
            "q_value": 15.05953856768359
        }
    },
    "btag": {
        "0.20": {
            "lik_ratio": 1.0290097462401808,
            "q_value": 15.187464682226842
        },
        "0.10": {
            "lik_ratio": 1.0057579855801724,
            "q_value": 15.053915321398039
        },
        "0.60": {
            "lik_ratio": 1.0838159262868476,
            "q_value": 15.49238964122556
        },
        "0.50": {
            "lik_ratio": 1.0797916534208898,
            "q_value": 15.437566143569445
        },
        "0.40": {
            "lik_ratio": 1.0680035035267568,
            "q_value": 15.394896332541371
        },
        "0.30": {
            "lik_ratio": 1.0520165288810879,
            "q_value": 15.305721138956267
        }
    },
    "LHCrad": {
        "0.30": {
            "lik_ratio": 1.026983782073053,
            "q_value": 15.991886466006862
        },
        "0.10": {
            "lik_ratio": 1.0038730715150495,
            "q_value": 15.181710064243402
        },
        "0.60": {
            "lik_ratio": 1.0447514545859289,
            "q_value": 16.608481979774368
        },
        "0.40": {
            "lik_ratio": 1.0366143642605086,
            "q_value": 16.280249072054996
        },
        "0.20": {
            "lik_ratio": 1.0136340529916141,
            "q_value": 15.599253327091354
        },
        "0.50": {
            "lik_ratio": 1.0389756015258098,
            "q_value": 16.483910997663056
        }
    },
    "LHCJES2": {
        "0.50": {
            "lik_ratio": 1.0419096835945685,
            "q_value": 15.78888050904828
        },
        "0.60": {
            "lik_ratio": 1.0481995352623033,
            "q_value": 15.866850421536034
        },
        "0.30": {
            "lik_ratio": 1.0262983498786584,
            "q_value": 15.479183578658816
        },
        "0.10": {
            "lik_ratio": 1.0026539404766888,
            "q_value": 15.09233269173441
        },
        "0.40": {
            "lik_ratio": 1.0372173446008424,
            "q_value": 15.676050781486191
        },
        "0.20": {
            "lik_ratio": 1.0161565419062493,
            "q_value": 15.278338426393763
        }
    },
    "LHCJES1": {
        "0.30": {
            "lik_ratio": 1.0383027707054515,
            "q_value": 15.840553516502702
        },
        "0.10": {
            "lik_ratio": 1.0056700311965676,
            "q_value": 15.166522469871651
        },
        "0.20": {
            "lik_ratio": 1.0260604963886029,
            "q_value": 15.525389761666109
        },
        "0.60": {
            "lik_ratio": 1.0681455495292673,
            "q_value": 16.377953497632603
        },
        "0.50": {
            "lik_ratio": 1.0615614161480862,
            "q_value": 16.25698678600432
        },
        "0.40": {
            "lik_ratio": 1.0533668685563766,
            "q_value": 16.089382067695972
        }
    }
}